Question Number,Answer
1,3.308
2,648.972
3,5.875
4,1.0
5,12.139
6,-5.763
7,-110.389
8,84.175
9,10.503
10,-0.5899999999999999
11,17
12,0.7429999999999999
13,2.186
14,1101.334272
15,33.475750000000005
16,1
17,-1378.562
18,11.156994000000001
19,124.248
20,7.076004
21,-1.9687875150060024
22,9.570761494252874
23,0.2544529262086514
24,1
25,1
26,1.496
27,6.21
28,-81.321
29,-11.615
30,6.065
31,-694.656
32,11.665999999999999
33,3.513
34,-0.2958579881656805
35,1.789
36,49.97932
37,-1.969
38,-7.099
39,10.703999999999999
40,0.22070183182520417
41,5.562
42,60.60457
43,235.703
44,12.158
45,19.182
46,5.024
47,-7.948501
48,1
49,2.4370000000000003
50,5.829
51,1.987
52,39.317
53,13.183
54,27.298
55,2.2284063260340634
56,-1.044
57,1
58,9.946000000000002
59,62.197
60,6.171
61,0.11512779184895233
62,-7.949
63,64.137
64,-2260.411
65,41.607768829938415
66,9.335924932975871
67,143.721
68,7.722
69,3.244
70,2.174
71,7.012
72,171.600444
73,175.668
74,0.46899999999999986
75,1.0
76,1
77,0.0
78,5.376
79,1
80,4.056081849185298
81,7.0117964273677105
82,3.95
83,-23.585
84,8.558
85,-21.802999999999997
86,-1
87,0.9196148210173749
88,370.340274
89,11.127
90,0.22820629849383844
91,8.639
92,1.604
93,15.075
94,6.857954545454545
95,-25.331964720194648
96,-47.24090699999999
97,0.10099999999999998
98,1.4435698329964897
99,1.282
100,-243.561
101,1.311
102,62.196906
103,1.273
104,1.5216846719899797
105,5.853
106,4.093
107,6.21
108,0.4650000000000003
109,1.7100426953777614
110,1.27
111,10.277132
112,20.519
113,-0.19799999999999995
114,-175.179
115,-53.695
116,1.339900969671962
117,128.639
118,3.616999999999998
119,-2.328315
120,26.353
121,9.946
122,-2.778
123,4.136
124,-21.803
125,-295.487
126,19.572
127,3.1210000000000004
128,6.489000000000001
129,4.82
130,26.231125000000002
131,-158.001609
132,71.572
133,1.0
134,6.646000000000001
135,-12.993152000000002
136,1.918
137,-30.045
138,1
139,25.418454
140,1
141,-4.189
142,45.983
143,3.244
144,15.541
145,-4.495
146,14.74942
147,0.20703933747412007
148,5.269
149,-17.934849715678308
150,-0.48100000000000165
151,36.63799899999999
152,-2.249
153,7.868
154,369.96299999999997
155,1
156,32.803
157,9.718902
158,3.2439999999999998
159,15.541103780500578
160,8.657
161,-0.6814658210007046
162,1.298654056020371
163,-2.606
164,0.38733705772811916
165,1
166,-38.261
167,44.523
168,0.0
169,0.14040999719180006
170,0.34458993797381116
171,1.6580000000000013
172,-5.231
173,4.17
174,-23.584524999999996
175,14.78
176,71.557
177,-152.192
178,1.3299979987992798
179,3421.28
180,1
181,0.13408759941749748
182,-158.002
183,11.89
184,65.683
185,5.623
186,7.495
187,69.822
188,8.809
189,5.23
190,9.912
191,3199.3672599999995
192,7.327
193,2.4370000000000003
194,1.0
195,11.341
196,-0.2190000000000003
197,-17.111
198,8.809000000000001
199,-3.504
200,13.571
201,9.145
202,9.846
203,-12.993
204,3.448
205,1.85
206,-0.2514253773057574
207,1.621
208,8.978
209,1.273
210,8.786
211,3.0290000000000017
212,5.613
213,-0.13460761879122357
214,1.514
215,8.408
216,-18.803
217,4.934
218,79.791
219,11.995
220,5.142
221,0.643
222,304.576
223,5.038
224,-18.389784000000002
225,0.537
226,40.031
227,1.6948040000000002
228,-26.103
229,7.284999999999999
230,49.979
231,7.673000000000002
232,9.766
233,0.5367517605633804
234,2.243
235,124.24779400000001
236,-8.241
237,64.664638
238,455.491
239,-2262.881
240,0.022999999999999687
241,2.5470798569725863
242,0.14172972972972972
243,1.788555626462455
244,1
245,31.222552537160432
246,12.158
247,1.1935942141288907
248,1.424
249,-11.418
250,27.489
251,9.336
252,-4.189245
253,-3.826249188838417
254,-295.486659
255,0.09600000000000009
256,0.9950753618862858
257,53.084999999999994
258,0.2150000000000012
259,2.035
260,7.455
261,-3.826
262,0.7000000000000011
263,5.829
264,1
265,1.1439999999999957
266,-1
267,0.08499999999999996
268,11.251000000000001
269,1
270,7.05
271,8.901
272,-788.868985
273,-9.480999999999998
274,80.714
275,1
276,-641.7936639999999
277,-39.034
278,1.194
279,0.10692899914456801
280,1.658
281,6.182
282,9.749781
283,-1
284,1.629
285,2.887
286,0.16789791806581597
287,0.0
288,1.0
289,-3.8966163456533054
290,0.5469999999999999
291,1
292,1.2190000000000598
293,0.17499999999999982
294,1.417
295,7.013
296,-3.645
297,2.651404786680541
298,1
299,0.7699562142135399
300,-9.069
301,7.076
302,0.14102383302778168
303,4.891000000000005
304,1101.334
305,8.408000000000001
306,1
307,3.7982759999999995
308,109.633
309,1.0
310,1.0350000000000001
311,-5534.9264299999995
312,9.13029
313,69.646
314,3.146
315,2.228
316,1.2699999999999996
317,0.5204301075268817
318,5.230000000000032
319,17.116284999999998
320,6.198
321,0.7
322,31.223
323,-3.8827887152425418
324,5.523
325,-18.39
326,2.21
327,0.1837897445322551
328,-3.657
329,11.428
330,0.1808782231299464
331,80.829516
332,8.745
333,5.522999999999994
334,-79.435
335,235.703475
336,3.4479999999998885
337,-109.22
338,0.096
339,6.299
340,-1
341,0.9059999999999988
342,-2.446
343,32.802616
344,2.225
345,2.478
346,1.638
347,8.543
348,0.10594342621040365
349,10.277
350,6.182
351,0.9430000000000014
352,1.299
353,8.015999999999998
354,29.805960000000002
355,7.762
356,8.742
357,10.938194837007725
358,-3.631999999999998
359,30.061595
360,0.43
361,80.714
362,175.717
363,-0.8060000000000003
364,1.649000000000001
365,4886.7339999999995
366,455.49074601366743
367,1.464940939934657
368,2.165510864539991
369,4.104
370,1
371,-0.757
372,0.1608029582673006
373,2
374,0.5920000000000001
375,89.468
376,-160.899
377,3.617
378,77.879
379,29.494
380,1.588
381,8.121668
382,-48469.346982
383,9.13
384,2.651
385,-0.7462981243830207
386,-14.051999999999998
387,5.6233759999999995
388,5.346
389,4.106
390,22.919
391,1.818
392,0.993
393,1.451
394,0.7561739130434783
395,7.05
396,25.354
397,-641.794
398,176.34250800000004
399,1
400,9.242
401,6.716772823779193
402,3.978999999999999
403,1.0461113472163195
404,-53.695
405,-109.219513
406,1.9160000000000017
407,1.144
408,0.42599999999999927
409,1.0
410,1
411,-48469.347
412,12.004193927193423
413,2275.712465
414,45.346999999999994
415,0.45599999999999996
416,5.034257120862202
417,1.33
418,1
419,1.4172406131970672
420,8.842
421,11.157
422,13.186
423,3.146
424,0.764
425,335.956032
426,-11.291999999999998
427,12.575
428,9.368208
429,1
430,8.801
431,-2260.411
432,0
433,3.3450000000000006
434,22.472
435,-1
436,0.993
437,2.317
438,1.0
439,1.0
440,-3.883
441,-69.477
442,13.182674999999996
443,2275.712
444,0.15297537096527458
445,5.558
446,-9.068999999999999
447,0.3563791874554526
448,0.9979690005344736
449,2.478
450,1.71
451,-295.211
452,1.6380000000000003
453,7.05
454,-1
455,69.82243400000002
456,1
457,71.85668
458,10.819999999999999
459,-7.829
460,1.0
461,1.465
462,0.10882576994232235
463,1.695
464,7.306
465,-1.0437032144429765
466,31.636
467,-43.17390699999999
468,-79.43498500000001
469,99.61639199999999
470,1.04
471,8.548
472,1.0
473,-164.34
474,1
475,15.141
476,1
477,3.798
478,1
479,5.866
480,0.43799999999999994
481,175.71722599999998
482,10.793
483,5.034
484,6.717
485,1.0
486,8
487,677.421
488,8.141
489,1
490,8.140555114988105
491,591.201
492,1.008
493,-30.044999999999998
494,1.04
495,6.858
496,69.219
497,30.607686
498,1.2729403884795714
499,17.658
500,25.418
501,-243.5606
502,4.636
503,1.2060000000000006
504,7.82598
505,6.992
506,-4.494999999999998
507,-32.539
508,-7.56
509,27.298000000000002
510,4.5
511,22.471905
512,1
513,2.067
514,13.73457
515,5.71
516,58.049
517,-16.259999999999998
518,14.749
519,1.134
520,8.122
521,335.956
522,-0.515
523,2.969
524,1
525,1
526,75.875724
527,120.59855599999999
528,30.753
529,1.895
530,-2.243
531,6.2989999999999995
532,46.073691999999994
533,12.661000000000001
534,11.341374
535,8.117
536,65.682684
537,36.638
538,1
539,1
540,0.993
541,3.5980000000000003
542,-26.105
543,2.498
544,6.1259999999999994
545,2.3166528239202657
546,5.672
547,1
548,0.1914241960183767
549,8.762
550,-26.105144694533763
551,79.790975
552,20.826
553,44.523227999999996
554,1
555,2.229
556,-31.05376
557,29.806
558,19.433999999999997
559,0.7063313875168388
560,-1.019
561,1
562,1.34
563,2.2249999999999996
564,8.845
565,0.6520803443328551
566,1.394
567,17.081
568,7.454999999999999
569,8.553
570,0.522
571,652.63
572,99.616
573,27.360595
574,1.0
575,6.198
576,1
577,-1.514
578,15.271
579,6.992068630624798
580,8.656623526581669
581,12.004
582,3.6929999999999996
583,0.051000000000000045
584,1
585,0.3707823507601038
586,1.9180000000000001
587,1.632
588,9.124
589,-39.03390699999999
590,59.66532
591,1
592,3.5980000000000003
593,-1.543
594,4.609
595,-1.309
596,69.219396
597,147.149
598,31.636176
599,147.148728
600,19.425
601,143.72099699856454
602,-3.999
603,1.0
604,-0.7242004264392323
605,164.61
606,59.665
607,4.056
608,-11.614681756826913
609,5.367
610,26.645
611,1.952
612,1
613,2.067285382830627
614,4.373
615,0.8800459704065506
616,4.495
617,11.403
618,12.691999999999998
619,-41.260000000000005
620,0.46258678323476476
621,7.269
622,0.24656803945088632
623,1
624,3199.367
625,77.8789
626,148.40200000000002
627,0.6868098159509203
628,0.746
629,0.6006944444444443
630,3.1456911262798637
631,1.04
632,-1.3719999999999999
633,4.135999999999999
634,1.025
635,-1
636,-3.504
637,1
638,10.938
639,0.7750000000000004
640,-3.657
641,2.6581684682847238
642,8.862
643,365.274672
644,17.081456
645,0.19157088122605365
646,6.667999999999999
647,8.335
648,-1.5143873262204977
649,1.197
650,1.5380000000000003
651,1.620897357098955
652,26.644545160246036
653,365.275
654,-1
655,0.351952335354825
656,43.197
657,1.649
658,-694.6561155500922
659,1.538
660,-1
661,2.317
662,8.891
663,1.6319999999999997
664,1
665,-1
666,-3.8680000000000003
667,0.6058887088060507
668,2.149
669,43.19666
670,2.7741
671,-2.328
672,4.256
673,58.048697999999995
674,-788.869
675,1.219
676,20.826
677,0.15855704697986575
678,1.3938424020728546
679,70.22800000000001
680,-1378.561541205851
681,6.42
682,2.439
683,-3.909
684,-37.427
685,-0.5513807152557718
686,-6.793
687,1.0
688,1
689,-11.615
690,-1.3090000000000002
691,1.0
692,0.15799999999999992
693,1
694,2.625
695,18.092
696,1.0
697,-0.17651134592066517
698,3.63
699,-1.0190000000000001
700,2.175
701,11.887641
702,1.8948871750928307
703,-3.905
704,120.599
705,0.4219999999999997
706,1.3322676295501878e-15
707,13.1861459100958
708,-66.53
709,0.11550050217609643
710,1
711,30.063000000000002
712,2.4480000000000004
713,19.181632
714,7.285
715,7
716,10.178
717,-66.529593
718,64.665
719,35.985583999999996
720,-3.632
721,9.75
722,12.989
723,-9.669999999999998
724,19.572168
725,39.317304
726,1
727,1.0
728,33.476
729,-17.935
730,0.0
731,-2268.892
732,23.551990000000004
733,9.846230440967283
734,41.608
735,-111.861
736,10.452
737,-17.111429
738,-3.9049999999999994
739,0.38774718883288095
740,5.695
741,2.8865950000000025
742,15.270974
743,11.428
744,15.857
745,1
746,1.0
747,-7.829276538201487
748,1
749,0.9930000000000039
750,-1
751,11.888
752,1.0
753,12.57515
754,-448.793
755,1.144
756,1.219
757,13.033
758,17.116
759,5.024
760,13.033
761,39.285
762,1.444
763,76.009
764,1
765,1.0
766,-37.427
767,3.737
768,-4879.137
769,2
770,2.166
771,1.538
772,6.634
773,23.339
774,30.608
775,12.661
776,-0.746
777,9.57
778,3.693
779,-111.86086956521739
780,-1
781,-3.868
782,-16.96
783,1
784,3.146
785,6.060999999999999
786,1.206
787,-25.332
788,7.14
789,4.038
790,10.973
791,64.137
792,19.42473805264503
793,3.581
794,2.658
795,-166.583
796,1.8179999999999978
797,1
798,5.072
799,8.548144
800,5.954000000000001
801,-38.261
802,7
803,5.558017069184674
804,-2268.892
805,-10.652999999999999
806,1.0
807,23.339000000000002
808,4.321
809,1.987
810,-4.5
811,24.418999999999997
812,2.317
813,3.5940000000000003
814,1
815,7.327108
816,0.724
817,5.623
818,60.605
819,15.075375000000001
820,75.876
821,9.14508
822,0.266
823,5.608988223984619
824,1
825,10.704
826,33.555
827,-1.5432608695652175
828,0.5416510318949344
829,15.387
830,6.717
831,54.287333
832,3.5132339999999997
833,2
834,8.723
835,15.85657327586207
836,11.242
837,10.713
838,3.345
839,-8.977999999999998
840,5.695
841,-4.7940000000000005
842,5.142000000000001
843,1.046
844,127.348
845,2.547
846,-3864.1077299999997
847,9.719
848,0.5459999999999994
849,6.474
850,0.7419206967682787
851,0.6533493541604084
852,6.178
853,-3864.108
854,42.760999999999996
855,2.034560723514212
856,6.483999999999938
857,0.0
858,-0.07999999999999996
859,1
860,1.3108792389136104
861,1.0350000000000001
862,-4879.137004227905
863,-4.536
864,9.571
865,-9.84
866,32.733000000000004
867,20.384
868,3.629666011787819
869,-1
870,-1.218
871,2.904
872,1
873,6.555
874,-0.8763211153586687
875,1.394
876,1.6039999999999996
877,6.388999999999999
878,46.074
879,4.373000000000001
880,-0.5150999999999999
881,0.0
882,9.212
883,1
884,23.552
885,0.8520000000000003
886,0.4297606659729449
887,1
888,7.762099722181604
889,1.6290000000000564
890,-3.9090554254488685
891,9.651
892,4.106
893,1.0
894,1
895,1
896,-26.102999999999998
897,29.494464999999995
898,677.4209280000001
899,6.668
900,1
901,-166.583
902,12.673
903,26.231
904,1.522
905,1.538
906,1.282427695004382
907,1.2189999999999999
908,0.0
909,-2.4459999999999997
910,-0.8124740556247406
911,1
912,127.348173
913,0.4770000000000003
914,6.484
915,-31.054
916,11.403409
917,6.514
918,6.379
919,370.34
920,1.588253509496284
921,2.444
922,-1
923,7.285
924,-3413.356
925,9.368
926,-3.897
927,6.66
928,2.1740000000000004
929,12.138645785352374
930,1
931,11.995000000000001
932,-1
933,-5534.926
934,1.0
935,-43.858000000000004
936,5.609
937,1
938,1.044
939,54.287
940,11.16
941,13.079
942,1
943,-15.032999999999998
944,7.176
945,8.977999999999998
946,16.162
947,1.0
948,1.0
949,6.178
950,1
951,1.0
952,2.4386416861826703
953,1.396000000000008
954,8.12
955,5.467
956,8.786000000000001
957,3.029
958,1
959,0.657
960,3421.2801870000003
961,9.064
962,22.883909
963,1
964,1
965,0.4316857327865314
966,176.343
967,11.12698
968,-39.826
969,0.3007181328545781
970,10.178
971,1
972,-4.723
973,1.0
974,1.578
975,171.6
976,1.916
977,0.11811953697141508
978,3.127
979,-7.56
980,12.672999999999998
981,1.577923976608187
982,2.444
983,0.42200000000000015
984,80.83
985,88.596
986,-110.38922399999998
987,26.352899999999998
988,5.954
989,20.384
990,5.376
991,4.41
992,1
993,0.11147029316687103
994,30.753359999999997
995,7.2690000000000055
996,13.735
997,4.891
998,22.884
999,591.200874
1000,39.343
